ID,date
60d493e8-1029-465c-8fca-adc260758319,2025-08-10
ID,date
d0e960cf-fac3-4ced-9fca-2ebc396c0ba5,2025-08-09
ID,date
ef161acc-1464-48e5-a306-b6988d6edb0a,2025-08-08
ID,date
3368ca99-6f91-4839-a023-63f975e11e43,2025-08-06
ID,date
4b234907-ddb6-413f-a662-c8abb284ff77,2025-08-05
ID,date
b22a7cb0-06c3-40ff-94c9-bc16890e52c4,2025-08-04
ID,date
64f53be1-94e8-4e05-9ce1-69e81a0cb99d,2025-08-01
ID,date
e9fb41bb-9962-4d1d-97e1-650e2686cbc1,2025-07-28
ID,date
20da3543-497f-4259-8eac-efe8e45b8416,2025-07-27
ID,date
e209b833-4d75-4b13-b56f-1dbfe06e0acc,2025-08-12
ID,date
9d7faf3a-547e-47e6-8291-646ef200126f,2025-08-13
ID,date
6441df0f-a7b2-43ed-ad87-04b065e750f4,2025-08-13
ID,date
7f4a6bce-51de-40b7-9775-c859a104e73b,2025-08-13
ID,date
788902a6-a561-40a4-bf36-3677258dbab2,2025-08-14
ID,date
951d2bb0-6d4d-41c4-b913-42711101cd7c,2025-08-15
